C, utils, Evtpo, value
      1.0000000000,               NaN,     -1.5562330557,******************
     12.2975394299,               NaN,     -1.5563674185,               NaN
     23.5950788599,               NaN,     -1.5565017813,******************
     34.8926182898,               NaN,     -1.5566361441,               NaN
     46.1901577198,               NaN,     -1.5567705069,******************
     57.4876971497,               NaN,     -1.5569048697,               NaN
     68.7852365797,               NaN,     -1.5570392325,******************
     80.0827760096,               NaN,     -1.5571735954,               NaN
     91.3803154396,               NaN,     -1.5573079583,******************
    102.6778548695,               NaN,     -1.5574423212,               NaN
    113.9753942995,               NaN,     -1.5575766841,******************
    125.2729337294,               NaN,     -1.5577110471,               NaN
    136.5704731594,               NaN,     -1.5578454100,******************
    147.8680125893,               NaN,     -1.5579797730,               NaN
    159.1655520193,               NaN,     -1.5581141360,******************
    170.4630914492,               NaN,     -1.5582484990,               NaN
    181.7606308792,               NaN,     -1.5583828620,******************
    193.0581703091,               NaN,     -1.5585172251,               NaN
    204.3557097391,               NaN,     -1.5586515881,******************
    215.6532491690,               NaN,     -1.5587859512,               NaN
    226.9507885990,               NaN,     -1.5589203143,******************
    238.2483280289,               NaN,     -1.5590546774,               NaN
    249.5458674589,               NaN,     -1.5591890406,******************
    260.8434068888,               NaN,     -1.5593234037,               NaN
    272.1409463188,               NaN,     -1.5594577669,******************
    283.4384857487,               NaN,     -1.5595921301,               NaN
    294.7360251787,               NaN,     -1.5597264933,******************
    306.0335646086,               NaN,     -1.5598608565,               NaN
    317.3311040386,               NaN,     -1.5599952198,******************
    328.6286434685,               NaN,     -1.5601295831,               NaN
    339.9261828985,               NaN,     -1.5602639463,******************
    351.2237223284,               NaN,     -1.5603983097,               NaN
    362.5212617584,               NaN,     -1.5605326730,******************
    373.8188011883,               NaN,     -1.5606670363,               NaN
    385.1163406183,               NaN,     -1.5608013997,******************
    396.4138800482,               NaN,     -1.5609357631,               NaN
    407.7114194782,               NaN,     -1.5610701264,******************
    419.0089589081,               NaN,     -1.5612044899,               NaN
    430.3064983381,               NaN,     -1.5613388533,******************
    441.6040377680,               NaN,     -1.5614732167,               NaN
    452.9015771980,               NaN,     -1.5616075802,******************
    464.1991166279,               NaN,     -1.5617419437,               NaN
    475.4966560579,               NaN,     -1.5618763072,******************
    486.7941954878,               NaN,     -1.5620106707,               NaN
    498.0917349178,               NaN,     -1.5621450343,******************
    509.3892743477,               NaN,     -1.5622793978,               NaN
    520.6868137777,               NaN,     -1.5624137614,******************
    531.9843532076,               NaN,     -1.5625481250,               NaN
    543.2818926376,               NaN,     -1.5626824886,******************
    554.5794320675,               NaN,     -1.5628168523,               NaN
    565.8769714975,               NaN,     -1.5629512159,******************
    577.1745109274,               NaN,     -1.5630855796,               NaN
    588.4720503574,               NaN,     -1.5632199433,******************
    599.7695897873,               NaN,     -1.5633543070,               NaN
    611.0671292173,               NaN,     -1.5634886707,******************
    622.3646686472,               NaN,     -1.5636230344,               NaN
    633.6622080772,               NaN,     -1.5637573982,******************
    644.9597475071,               NaN,     -1.5638917620,               NaN
    656.2572869371,               NaN,     -1.5640261258,******************
    667.5548263670,               NaN,     -1.5641604896,               NaN
    678.8523657970,               NaN,     -1.5642948534,******************
    690.1499052269,               NaN,     -1.5644292173,               NaN
    701.4474446569,               NaN,     -1.5645635811,******************
    712.7449840868,               NaN,     -1.5646979450,               NaN
    724.0425235168,               NaN,     -1.5648323089,******************
    735.3400629467,               NaN,     -1.5649666729,               NaN
    746.6376023767,               NaN,     -1.5651010368,******************
    757.9351418066,               NaN,     -1.5652354008,               NaN
    769.2326812366,               NaN,     -1.5653697648,******************
    780.5302206665,               NaN,     -1.5655041288,               NaN
    791.8277600965,               NaN,     -1.5656384928,******************
    803.1252995264,               NaN,     -1.5657728568,               NaN
    814.4228389564,               NaN,     -1.5659072209,******************
    825.7203783863,               NaN,     -1.5660415849,               NaN
    837.0179178163,               NaN,     -1.5661759490,******************
    848.3154572462,               NaN,     -1.5663103131,               NaN
    859.6129966762,               NaN,     -1.5664446773,******************
    870.9105361061,               NaN,     -1.5665790414,               NaN
    882.2080755361,               NaN,     -1.5667134056,******************
    893.5056149660,               NaN,     -1.5668477698,               NaN
    904.8031543960,               NaN,     -1.5669821340,******************
    916.1006938259,               NaN,     -1.5671164982,               NaN
    927.3982332559,               NaN,     -1.5672508624,******************
    938.6957726858,               NaN,     -1.5673852267,               NaN
    949.9933121158,               NaN,     -1.5675195910,******************
    961.2908515457,               NaN,     -1.5676539553,               NaN
    972.5883909757,               NaN,     -1.5677883196,******************
    983.8859304056,               NaN,     -1.5679226839,               NaN
    995.1834698356,               NaN,     -1.5680570482,******************
   1006.4810092655,               NaN,     -1.5681914126,               NaN
   1017.7785486955,               NaN,     -1.5683257770,******************
   1029.0760881254,               NaN,     -1.5684601414,               NaN
   1040.3736275554,               NaN,     -1.5685945058,******************
   1051.6711669853,               NaN,     -1.5687288703,               NaN
   1062.9687064153,               NaN,     -1.5688632347,******************
   1074.2662458452,               NaN,     -1.5689975992,               NaN
   1085.5637852752,               NaN,     -1.5691319637,******************
   1096.8613247051,               NaN,     -1.5692663282,               NaN
   1108.1588641351,               NaN,     -1.5694006927,******************
   1119.4564035650,               NaN,     -1.5695350573,               NaN
   1130.7539429950,               NaN,     -1.5696694219,******************
   1142.0514824249,               NaN,     -1.5698037864,               NaN
   1153.3490218549,               NaN,     -1.5699381511,******************
   1164.6465612848,               NaN,     -1.5700725157,               NaN
   1175.9441007148,               NaN,     -1.5702068803,******************
   1187.2416401447,               NaN,     -1.5703412450,               NaN
   1198.5391795747,               NaN,     -1.5704756097,******************
   1209.8367190046,               NaN,     -1.5706099744,               NaN
   1221.1342584346,               NaN,     -1.5707443391,******************
   1232.4317978645,               NaN,     -1.5708787038,               NaN
   1243.7293372945,               NaN,     -1.5710130686,******************
   1255.0268767244,               NaN,     -1.5711474333,               NaN
   1266.3244161544,               NaN,     -1.5712817981,******************
   1277.6219555843,               NaN,     -1.5714161629,               NaN
   1288.9194950143,               NaN,     -1.5715505278,******************
   1300.2170344442,               NaN,     -1.5716848926,               NaN
   1311.5145738742,               NaN,     -1.5718192575,******************
   1322.8121133041,               NaN,     -1.5719536223,               NaN
   1334.1096527340,               NaN,     -1.5720879872,******************
   1345.4071921640,               NaN,     -1.5722223522,               NaN
   1356.7047315939,               NaN,     -1.5723567171,******************
   1368.0022710239,               NaN,     -1.5724910821,               NaN
   1379.2998104538,               NaN,     -1.5726254470,******************
   1390.5973498838,               NaN,     -1.5727598120,               NaN
   1401.8948893137,               NaN,     -1.5728941770,******************
   1413.1924287437,               NaN,     -1.5730285421,               NaN
   1424.4899681736,               NaN,     -1.5731629071,******************
   1435.7875076036,               NaN,     -1.5732972722,               NaN
   1447.0850470335,               NaN,     -1.5734316373,******************
   1458.3825864635,               NaN,     -1.5735660024,               NaN
   1469.6801258934,               NaN,     -1.5737003675,******************
   1480.9776653234,               NaN,     -1.5738347326,               NaN
   1492.2752047533,               NaN,     -1.5739690978,******************
   1503.5727441833,               NaN,     -1.5741034630,               NaN
   1514.8702836132,               NaN,     -1.5742378282,******************
   1526.1678230432,               NaN,     -1.5743721934,               NaN
   1537.4653624731,               NaN,     -1.5745065586,******************
   1548.7629019031,               NaN,     -1.5746409238,               NaN
   1560.0604413330,               NaN,     -1.5747752891,******************
   1571.3579807630,               NaN,     -1.5749096544,               NaN
   1582.6555201929,               NaN,     -1.5750440197,******************
   1593.9530596229,               NaN,     -1.5751783850,               NaN
   1605.2505990528,               NaN,     -1.5753127504,******************
   1616.5481384828,               NaN,     -1.5754471157,               NaN
   1627.8456779127,               NaN,     -1.5755814811,******************
   1639.1432173427,               NaN,     -1.5757158465,               NaN
   1650.4407567726,               NaN,     -1.5758502119,******************
   1661.7382962026,               NaN,     -1.5759845774,               NaN
   1673.0358356325,               NaN,     -1.5761189428,******************
   1684.3333750625,               NaN,     -1.5762533083,               NaN
   1695.6309144924,               NaN,     -1.5763876738,******************
   1706.9284539224,               NaN,     -1.5765220393,               NaN
   1718.2259933523,               NaN,     -1.5766564048,******************
   1729.5235327823,               NaN,     -1.5767907704,               NaN
   1740.8210722122,               NaN,     -1.5769251359,******************
   1752.1186116422,               NaN,     -1.5770595015,               NaN
   1763.4161510721,               NaN,     -1.5771938671,******************
   1774.7136905021,               NaN,     -1.5773282327,               NaN
   1786.0112299320,               NaN,     -1.5774625984,******************
   1797.3087693620,               NaN,     -1.5775969640,               NaN
   1808.6063087919,               NaN,     -1.5777313297,******************
   1819.9038482219,               NaN,     -1.5778656954,               NaN
   1831.2013876518,               NaN,     -1.5780000611,******************
   1842.4989270818,               NaN,     -1.5781344268,               NaN
   1853.7964665117,               NaN,     -1.5782687926,******************
   1865.0940059417,               NaN,     -1.5784031583,               NaN
   1876.3915453716,               NaN,     -1.5785375241,******************
   1887.6890848016,               NaN,     -1.5786718899,               NaN
   1898.9866242315,               NaN,     -1.5788062557,******************
   1910.2841636615,               NaN,     -1.5789406216,               NaN
   1921.5817030914,               NaN,     -1.5790749874,******************
   1932.8792425214,               NaN,     -1.5792093533,               NaN
   1944.1767819513,               NaN,     -1.5793437192,******************
   1955.4743213813,               NaN,     -1.5794780851,               NaN
   1966.7718608112,               NaN,     -1.5796124511,******************
   1978.0694002412,               NaN,     -1.5797468170,               NaN
   1989.3669396711,               NaN,     -1.5798811830,******************
   2000.6644791011,               NaN,     -1.5800155490,               NaN
   2011.9620185310,               NaN,     -1.5801499150,******************
   2023.2595579610,               NaN,     -1.5802842810,               NaN
   2034.5570973909,               NaN,     -1.5804186470,******************
   2045.8546368209,               NaN,     -1.5805530131,               NaN
   2057.1521762508,               NaN,     -1.5806873792,******************
   2068.4497156808,               NaN,     -1.5808217453,               NaN
   2079.7472551107,               NaN,     -1.5809561114,******************
   2091.0447945407,               NaN,     -1.5810904775,               NaN
   2102.3423339706,               NaN,     -1.5812248437,******************
   2113.6398734006,               NaN,     -1.5813592099,               NaN
   2124.9374128305,               NaN,     -1.5814935761,******************
   2136.2349522605,               NaN,     -1.5816279423,               NaN
   2147.5324916904,               NaN,     -1.5817623085,******************
   2158.8300311204,               NaN,     -1.5818966747,               NaN
   2170.1275705503,               NaN,     -1.5820310410,******************
   2181.4251099803,               NaN,     -1.5821654073,               NaN
   2192.7226494102,               NaN,     -1.5822997736,******************
   2204.0201888402,               NaN,     -1.5824341399,               NaN
   2215.3177282701,               NaN,     -1.5825685063,******************
   2226.6152677001,               NaN,     -1.5827028726,               NaN
   2237.9128071300,               NaN,     -1.5828372390,******************
   2249.2103465600,               NaN,     -1.5829716054,               NaN
   2260.5078859899,               NaN,     -1.5831059718,******************
   2271.8054254199,               NaN,     -1.5832403382,               NaN
   2283.1029648498,               NaN,     -1.5833747047,******************
   2294.4005042798,               NaN,     -1.5835090711,               NaN
   2305.6980437097,               NaN,     -1.5836434376,******************
   2316.9955831397,               NaN,     -1.5837778041,               NaN
   2328.2931225696,               NaN,     -1.5839121707,******************
   2339.5906619996,               NaN,     -1.5840465372,               NaN
   2350.8882014295,               NaN,     -1.5841809038,******************
   2362.1857408595,               NaN,     -1.5843152703,               NaN
   2373.4832802894,               NaN,     -1.5844496369,******************
   2384.7808197194,               NaN,     -1.5845840036,               NaN
   2396.0783591493,               NaN,     -1.5847183702,******************
   2407.3758985793,               NaN,     -1.5848527368,               NaN
   2418.6734380092,               NaN,     -1.5849871035,******************
   2429.9709774392,               NaN,     -1.5851214702,               NaN
   2441.2685168691,               NaN,     -1.5852558369,******************
   2452.5660562991,               NaN,     -1.5853902037,               NaN
   2463.8635957290,               NaN,     -1.5855245704,******************
   2475.1611351590,               NaN,     -1.5856589372,               NaN
   2486.4586745889,               NaN,     -1.5857933039,******************
   2497.7562140189,               NaN,     -1.5859276707,               NaN
   2509.0537534488,               NaN,     -1.5860620376,******************
   2520.3512928788,               NaN,     -1.5861964044,               NaN
   2531.6488323087,               NaN,     -1.5863307713,******************
   2542.9463717387,               NaN,     -1.5864651381,               NaN
   2554.2439111686,               NaN,     -1.5865995050,******************
   2565.5414505986,               NaN,     -1.5867338719,               NaN
   2576.8389900285,               NaN,     -1.5868682389,******************
   2588.1365294585,               NaN,     -1.5870026058,               NaN
   2599.4340688884,               NaN,     -1.5871369728,******************
   2610.7316083184,               NaN,     -1.5872713398,               NaN
   2622.0291477483,               NaN,     -1.5874057068,******************
   2633.3266871783,               NaN,     -1.5875400738,               NaN
   2644.6242266082,               NaN,     -1.5876744409,******************
   2655.9217660382,               NaN,     -1.5878088079,               NaN
   2667.2193054681,               NaN,     -1.5879431750,******************
   2678.5168448980,               NaN,     -1.5880775421,               NaN
   2689.8143843280,               NaN,     -1.5882119092,******************
   2701.1119237579,               NaN,     -1.5883462764,               NaN
   2712.4094631879,               NaN,     -1.5884806435,******************
   2723.7070026178,               NaN,     -1.5886150107,               NaN
   2735.0045420478,               NaN,     -1.5887493779,******************
   2746.3020814777,               NaN,     -1.5888837451,               NaN
   2757.5996209077,               NaN,     -1.5890181123,******************
   2768.8971603376,               NaN,     -1.5891524796,               NaN
   2780.1946997676,               NaN,     -1.5892868468,******************
   2791.4922391975,               NaN,     -1.5894212141,               NaN
   2802.7897786275,               NaN,     -1.5895555814,******************
   2814.0873180574,               NaN,     -1.5896899487,               NaN
   2825.3848574874,               NaN,     -1.5898243161,******************
   2836.6823969173,               NaN,     -1.5899586834,               NaN
   2847.9799363473,               NaN,     -1.5900930508,******************
   2859.2774757772,               NaN,     -1.5902274182,               NaN
   2870.5750152072,               NaN,     -1.5903617856,******************
   2881.8725546371,               NaN,     -1.5904961531,               NaN
   2893.1700940671,               NaN,     -1.5906305205,******************
   2904.4676334970,               NaN,     -1.5907648880,               NaN
   2915.7651729270,               NaN,     -1.5908992555,******************
   2927.0627123569,               NaN,     -1.5910336230,               NaN
   2938.3602517869,               NaN,     -1.5911679905,******************
   2949.6577912168,               NaN,     -1.5913023580,               NaN
   2960.9553306468,               NaN,     -1.5914367256,******************
   2972.2528700767,               NaN,     -1.5915710932,               NaN
   2983.5504095067,               NaN,     -1.5917054608,******************
   2994.8479489366,               NaN,     -1.5918398284,               NaN
   3006.1454883666,               NaN,     -1.5919741960,******************
   3017.4430277965,               NaN,     -1.5921085637,               NaN
   3028.7405672265,               NaN,     -1.5922429314,******************
   3040.0381066564,               NaN,     -1.5923772991,               NaN
   3051.3356460864,               NaN,     -1.5925116668,******************
   3062.6331855163,               NaN,     -1.5926460345,               NaN
   3073.9307249463,               NaN,     -1.5927804023,******************
   3085.2282643762,               NaN,     -1.5929147700,               NaN
   3096.5258038062,               NaN,     -1.5930491378,******************
   3107.8233432361,               NaN,     -1.5931835056,               NaN
   3119.1208826661,               NaN,     -1.5933178734,******************
   3130.4184220960,               NaN,     -1.5934522413,               NaN
   3141.7159615260,               NaN,     -1.5935866091,******************
   3153.0135009559,               NaN,     -1.5937209770,               NaN
   3164.3110403859,               NaN,     -1.5938553449,******************
   3175.6085798158,               NaN,     -1.5939897128,               NaN
   3186.9061192458,               NaN,     -1.5941240808,******************
   3198.2036586757,               NaN,     -1.5942584487,               NaN
   3209.5011981057,               NaN,     -1.5943928167,******************
   3220.7987375356,               NaN,     -1.5945271847,               NaN
   3232.0962769656,               NaN,     -1.5946615527,******************
   3243.3938163955,               NaN,     -1.5947959207,               NaN
   3254.6913558255,               NaN,     -1.5949302888,******************
   3265.9888952554,               NaN,     -1.5950646568,               NaN
   3277.2864346854,               NaN,     -1.5951990249,******************
   3288.5839741153,               NaN,     -1.5953333930,               NaN
   3299.8815135453,               NaN,     -1.5954677611,******************
   3311.1790529752,               NaN,     -1.5956021293,               NaN
   3322.4765924052,               NaN,     -1.5957364974,******************
   3333.7741318351,               NaN,     -1.5958708656,               NaN
   3345.0716712651,               NaN,     -1.5960052338,******************
   3356.3692106950,               NaN,     -1.5961396020,               NaN
   3367.6667501250,               NaN,     -1.5962739703,******************
   3378.9642895549,               NaN,     -1.5964083385,               NaN
   3390.2618289849,               NaN,     -1.5965427068,******************
   3401.5593684148,               NaN,     -1.5966770751,               NaN
   3412.8569078448,               NaN,     -1.5968114434,******************
   3424.1544472747,               NaN,     -1.5969458117,               NaN
   3435.4519867047,               NaN,     -1.5970801800,******************
   3446.7495261346,               NaN,     -1.5972145484,               NaN
   3458.0470655646,               NaN,     -1.5973489168,******************
   3469.3446049945,               NaN,     -1.5974832852,               NaN
   3480.6421444245,               NaN,     -1.5976176536,******************
   3491.9396838544,               NaN,     -1.5977520220,               NaN
   3503.2372232844,               NaN,     -1.5978863905,******************
   3514.5347627143,               NaN,     -1.5980207590,               NaN
   3525.8323021443,               NaN,     -1.5981551275,******************
   3537.1298415742,               NaN,     -1.5982894960,               NaN
   3548.4273810042,               NaN,     -1.5984238645,******************
   3559.7249204341,               NaN,     -1.5985582331,               NaN
   3571.0224598641,               NaN,     -1.5986926016,******************
   3582.3199992940,               NaN,     -1.5988269702,               NaN
   3593.6175387240,               NaN,     -1.5989613388,******************
   3604.9150781539,               NaN,     -1.5990957074,               NaN
   3616.2126175839,               NaN,     -1.5992300761,******************
   3627.5101570138,               NaN,     -1.5993644448,               NaN
   3638.8076964438,               NaN,     -1.5994988134,******************
   3650.1052358737,               NaN,     -1.5996331821,               NaN
   3661.4027753037,               NaN,     -1.5997675508,******************
   3672.7003147336,               NaN,     -1.5999019196,               NaN
   3683.9978541636,               NaN,     -1.6000362883,******************
   3695.2953935935,               NaN,     -1.6001706571,               NaN
   3706.5929330235,               NaN,     -1.6003050259,******************
   3717.8904724534,               NaN,     -1.6004393947,               NaN
   3729.1880118834,               NaN,     -1.6005742907,******************
   3740.4855513133,               NaN,     -1.6007305956,               NaN
   3751.7830907433,               NaN,     -1.6008869006,******************
   3763.0806301732,               NaN,     -1.6010432055,               NaN
   3774.3781696032,               NaN,     -1.6011995105,******************
   3785.6757090331,               NaN,     -1.6013558155,               NaN
   3796.9732484631,               NaN,     -1.6015121205,******************
   3808.2707878930,               NaN,     -1.6016684256,               NaN
   3819.5683273230,               NaN,     -1.6018247306,******************
   3830.8658667529,               NaN,     -1.6019810357,               NaN
   3842.1634061829,               NaN,     -1.6021373408,******************
   3853.4609456128,               NaN,     -1.6022936459,               NaN
   3864.7584850428,               NaN,     -1.6024499510,******************
   3876.0560244727,               NaN,     -1.6026062562,               NaN
   3887.3535639027,               NaN,     -1.6027625613,******************
   3898.6511033326,               NaN,     -1.6029188665,               NaN
   3909.9486427626,               NaN,     -1.6030751717,******************
   3921.2461821925,               NaN,     -1.6032314769,               NaN
   3932.5437216225,               NaN,     -1.6033877822,******************
   3943.8412610524,               NaN,     -1.6035440874,               NaN
   3955.1388004824,               NaN,     -1.6037003927,******************
   3966.4363399123,               NaN,     -1.6038566980,               NaN
   3977.7338793423,               NaN,     -1.6040130033,******************
   3989.0314187722,               NaN,     -1.6041693087,               NaN
   4000.3289582021,               NaN,     -1.6043256140,******************
   4011.6264976321,               NaN,     -1.6044819194,               NaN
   4022.9240370620,               NaN,     -1.6046382248,******************
   4034.2215764920,               NaN,     -1.6047945302,               NaN
   4045.5191159219,               NaN,     -1.6049508356,******************
   4056.8166553519,               NaN,     -1.6051071411,               NaN
   4068.1141947818,               NaN,     -1.6052634465,******************
   4079.4117342118,               NaN,     -1.6054197520,               NaN
   4090.7092736417,               NaN,     -1.6055760575,******************
   4102.0068130717,               NaN,     -1.6057323631,               NaN
   4113.3043525016,               NaN,     -1.6058886686,******************
   4124.6018919316,               NaN,     -1.6060449742,               NaN
   4135.8994313615,               NaN,     -1.6062012797,******************
   4147.1969707915,               NaN,     -1.6063575853,               NaN
   4158.4945102214,               NaN,     -1.6065138909,******************
   4169.7920496514,               NaN,     -1.6066701966,               NaN
   4181.0895890813,               NaN,     -1.6068265022,******************
   4192.3871285113,               NaN,     -1.6069828079,               NaN
   4203.6846679412,               NaN,     -1.6071391136,******************
   4214.9822073712,               NaN,     -1.6072954193,               NaN
   4226.2797468011,               NaN,     -1.6074517250,******************
   4237.5772862311,               NaN,     -1.6076080308,               NaN
   4248.8748256610,               NaN,     -1.6077643365,******************
   4260.1723650910,               NaN,     -1.6079206423,               NaN
   4271.4699045209,               NaN,     -1.6080769481,******************
   4282.7674439509,               NaN,     -1.6082332540,               NaN
   4294.0649833808,               NaN,     -1.6083895598,******************
   4305.3625228108,               NaN,     -1.6085458657,               NaN
   4316.6600622407,               NaN,     -1.6087021715,******************
   4327.9576016707,               NaN,     -1.6088584774,               NaN
   4339.2551411006,               NaN,     -1.6090147833,******************
   4350.5526805306,               NaN,     -1.6091710893,               NaN
   4361.8502199605,               NaN,     -1.6093273952,******************
   4373.1477593905,               NaN,     -1.6094837012,               NaN
   4384.4452988204,               NaN,     -1.6096400072,******************
   4395.7428382504,               NaN,     -1.6097963132,               NaN
   4407.0403776803,               NaN,     -1.6099526192,******************
   4418.3379171103,               NaN,     -1.6101089253,               NaN
   4429.6354565402,               NaN,     -1.6102652313,******************
   4440.9329959702,               NaN,     -1.6104215374,               NaN
   4452.2305354001,               NaN,     -1.6105778435,******************
   4463.5280748301,               NaN,     -1.6107341497,               NaN
   4474.8256142600,               NaN,     -1.6108904558,******************
   4486.1231536900,               NaN,     -1.6110467620,               NaN
   4497.4206931199,               NaN,     -1.6112030681,******************
   4508.7182325499,               NaN,     -1.6113593743,               NaN
   4520.0157719798,               NaN,     -1.6115156805,******************
   4531.3133114098,               NaN,     -1.6116719868,               NaN
   4542.6108508397,               NaN,     -1.6118282930,******************
   4553.9083902697,               NaN,     -1.6119845993,               NaN
   4565.2059296996,               NaN,     -1.6121409056,******************
   4576.5034691296,               NaN,     -1.6122972119,               NaN
   4587.8010085595,               NaN,     -1.6124535182,******************
   4599.0985479895,               NaN,     -1.6126098246,               NaN
   4610.3960874194,               NaN,     -1.6127661309,******************
   4621.6936268494,               NaN,     -1.6129224373,               NaN
   4632.9911662793,               NaN,     -1.6130787437,******************
   4644.2887057093,               NaN,     -1.6132350501,               NaN
   4655.5862451392,               NaN,     -1.6133913566,******************
   4666.8837845692,               NaN,     -1.6135476630,               NaN
   4678.1813239991,               NaN,     -1.6137039695,******************
   4689.4788634291,               NaN,     -1.6138602760,               NaN
   4700.7764028590,               NaN,     -1.6140165825,******************
   4712.0739422890,               NaN,     -1.6141728891,               NaN
   4723.3714817189,               NaN,     -1.6143291956,******************
   4734.6690211489,               NaN,     -1.6144855022,               NaN
   4745.9665605788,               NaN,     -1.6146418088,******************
   4757.2641000088,               NaN,     -1.6147981154,               NaN
   4768.5616394387,               NaN,     -1.6149544220,******************
   4779.8591788687,               NaN,     -1.6151107287,               NaN
   4791.1567182986,               NaN,     -1.6152670353,******************
   4802.4542577286,               NaN,     -1.6154233420,               NaN
   4813.7517971585,               NaN,     -1.6155796487,******************
   4825.0493365885,               NaN,     -1.6157359554,               NaN
   4836.3468760184,               NaN,     -1.6158922622,******************
   4847.6444154484,               NaN,     -1.6160485689,               NaN
   4858.9419548783,               NaN,     -1.6162048757,******************
   4870.2394943083,               NaN,     -1.6163611825,               NaN
   4881.5370337382,               NaN,     -1.6165174893,******************
   4892.8345731682,               NaN,     -1.6166737962,               NaN
   4904.1321125981,               NaN,     -1.6168301030,******************
   4915.4296520281,               NaN,     -1.6169864099,               NaN
   4926.7271914580,               NaN,     -1.6171427168,******************
   4938.0247308880,               NaN,     -1.6172990237,               NaN
   4949.3222703179,               NaN,     -1.6174553306,******************
   4960.6198097479,               NaN,     -1.6176116376,               NaN
   4971.9173491778,               NaN,     -1.6177679445,******************
   4983.2148886078,               NaN,     -1.6179242515,               NaN
   4994.5124280377,               NaN,     -1.6180805585,******************
   5005.8099674677,               NaN,     -1.6182368656,               NaN
   5017.1075068976,               NaN,     -1.6183931726,******************
   5028.4050463276,               NaN,     -1.6185494797,               NaN
   5039.7025857575,               NaN,     -1.6187057867,******************
   5051.0001251875,               NaN,     -1.6188620938,               NaN
   5062.2976646174,               NaN,     -1.6190184010,******************
   5073.5952040474,               NaN,     -1.6191747081,               NaN
   5084.8927434773,               NaN,     -1.6193310152,******************
   5096.1902829073,               NaN,     -1.6194873224,               NaN
   5107.4878223372,               NaN,     -1.6196436296,******************
   5118.7853617672,               NaN,     -1.6197999368,               NaN
   5130.0829011971,               NaN,     -1.6199562441,******************
   5141.3804406271,               NaN,     -1.6201125513,               NaN
   5152.6779800570,               NaN,     -1.6202688586,******************
   5163.9755194870,               NaN,     -1.6204251659,               NaN
   5175.2730589169,               NaN,     -1.6205814732,******************
   5186.5705983469,               NaN,     -1.6207377805,               NaN
   5197.8681377768,               NaN,     -1.6208940878,******************
   5209.1656772068,               NaN,     -1.6210503952,               NaN
   5220.4632166367,               NaN,     -1.6212067026,******************
   5231.7607560667,               NaN,     -1.6213630100,               NaN
   5243.0582954966,               NaN,     -1.6215193174,******************
   5254.3558349266,               NaN,     -1.6216756248,               NaN
   5265.6533743565,               NaN,     -1.6218319323,******************
   5276.9509137865,               NaN,     -1.6219882398,               NaN
   5288.2484532164,               NaN,     -1.6221445473,******************
   5299.5459926463,               NaN,     -1.6223008548,               NaN
   5310.8435320763,               NaN,     -1.6224571623,******************
   5322.1410715062,               NaN,     -1.6226134698,               NaN
   5333.4386109362,               NaN,     -1.6227697774,******************
   5344.7361503661,               NaN,     -1.6229260850,               NaN
   5356.0336897961,               NaN,     -1.6230823926,******************
   5367.3312292260,               NaN,     -1.6232387002,               NaN
   5378.6287686560,               NaN,     -1.6233950079,******************
   5389.9263080859,               NaN,     -1.6235513155,               NaN
   5401.2238475159,               NaN,     -1.6237076232,******************
   5412.5213869458,               NaN,     -1.6238639309,               NaN
   5423.8189263758,               NaN,     -1.6240202386,******************
   5435.1164658057,               NaN,     -1.6241765464,               NaN
   5446.4140052357,               NaN,     -1.6243328541,******************
   5457.7115446656,               NaN,     -1.6244891619,               NaN
   5469.0090840956,               NaN,     -1.6246454697,******************
   5480.3066235255,               NaN,     -1.6248017775,               NaN
   5491.6041629555,               NaN,     -1.6249580854,******************
   5502.9017023854,               NaN,     -1.6251143932,               NaN
   5514.1992418154,               NaN,     -1.6252707011,******************
   5525.4967812453,               NaN,     -1.6254270090,               NaN
   5536.7943206753,               NaN,     -1.6255833169,******************
   5548.0918601052,               NaN,     -1.6257396248,               NaN
   5559.3893995352,               NaN,     -1.6258959328,******************
   5570.6869389651,               NaN,     -1.6260522407,               NaN
   5581.9844783951,               NaN,     -1.6262085487,******************
   5593.2820178250,               NaN,     -1.6263648567,               NaN
   5604.5795572550,               NaN,     -1.6265211647,******************
   5615.8770966849,               NaN,     -1.6266774728,               NaN
   5627.1746361149,               NaN,     -1.6268337808,******************
   5638.4721755448,               NaN,     -1.6269900889,               NaN
   5649.7697149748,               NaN,     -1.6271463970,******************
   5661.0672544047,               NaN,     -1.6273027051,               NaN
   5672.3647938347,               NaN,     -1.6274590133,******************
   5683.6623332646,               NaN,     -1.6276153214,               NaN
   5694.9598726946,               NaN,     -1.6277716296,******************
   5706.2574121245,               NaN,     -1.6279279378,               NaN
   5717.5549515545,               NaN,     -1.6280842460,******************
   5728.8524909844,               NaN,     -1.6282405542,               NaN
   5740.1500304144,               NaN,     -1.6283968625,******************
   5751.4475698443,               NaN,     -1.6285531707,               NaN
   5762.7451092743,               NaN,     -1.6287094790,******************
   5774.0426487042,               NaN,     -1.6288657873,               NaN
   5785.3401881342,               NaN,     -1.6290220957,******************
   5796.6377275641,               NaN,     -1.6291784040,               NaN
   5807.9352669941,               NaN,     -1.6293347124,******************
   5819.2328064240,               NaN,     -1.6294910207,               NaN
   5830.5303458540,               NaN,     -1.6296473291,******************
   5841.8278852839,               NaN,     -1.6298036376,               NaN
   5853.1254247139,               NaN,     -1.6299599460,******************
   5864.4229641438,               NaN,     -1.6301162544,               NaN
   5875.7205035738,               NaN,     -1.6302725629,******************
   5887.0180430037,               NaN,     -1.6304288714,               NaN
   5898.3155824337,               NaN,     -1.6305851799,******************
   5909.6131218636,               NaN,     -1.6307414885,               NaN
   5920.9106612936,               NaN,     -1.6308977970,******************
   5932.2082007235,               NaN,     -1.6310541056,               NaN
   5943.5057401535,               NaN,     -1.6312104142,******************
   5954.8032795834,               NaN,     -1.6313667228,               NaN
   5966.1008190134,               NaN,     -1.6315230314,******************
   5977.3983584433,               NaN,     -1.6316793401,               NaN
   5988.6958978733,               NaN,     -1.6318356487,******************
   5999.9934373032,               NaN,     -1.6319919574,               NaN
   6011.2909767332,               NaN,     -1.6321482661,******************
   6022.5885161631,               NaN,     -1.6323045748,               NaN
   6033.8860555931,               NaN,     -1.6324608836,******************
   6045.1835950230,               NaN,     -1.6326171923,               NaN
   6056.4811344530,               NaN,     -1.6327735011,******************
   6067.7786738829,               NaN,     -1.6329298099,               NaN
   6079.0762133129,               NaN,     -1.6330861187,******************
   6090.3737527428,               NaN,     -1.6332424275,               NaN
   6101.6712921728,               NaN,     -1.6333987364,******************
   6112.9688316027,               NaN,     -1.6335550453,               NaN
   6124.2663710327,               NaN,     -1.6337113542,******************
   6135.5639104626,               NaN,     -1.6338676631,               NaN
   6146.8614498926,               NaN,     -1.6340239720,******************
   6158.1589893225,               NaN,     -1.6341802810,               NaN
   6169.4565287525,               NaN,     -1.6343365899,******************
   6180.7540681824,               NaN,     -1.6344928989,               NaN
   6192.0516076124,               NaN,     -1.6346492079,******************
   6203.3491470423,               NaN,     -1.6348055169,               NaN
   6214.6466864723,               NaN,     -1.6349618260,******************
   6225.9442259022,               NaN,     -1.6351181350,               NaN
   6237.2417653322,               NaN,     -1.6352744441,******************
   6248.5393047621,               NaN,     -1.6354307532,               NaN
   6259.8368441921,               NaN,     -1.6355870623,******************
   6271.1343836220,               NaN,     -1.6357433715,               NaN
   6282.4319230520,               NaN,     -1.6358996806,******************
   6293.7294624819,               NaN,     -1.6360559898,               NaN
   6305.0270019119,               NaN,     -1.6362122990,******************
   6316.3245413418,               NaN,     -1.6363686082,               NaN
   6327.6220807718,               NaN,     -1.6365249175,******************
   6338.9196202017,               NaN,     -1.6366812267,               NaN
   6350.2171596317,               NaN,     -1.6368375360,******************
   6361.5146990616,               NaN,     -1.6369938453,               NaN
   6372.8122384916,               NaN,     -1.6371501546,******************
   6384.1097779215,               NaN,     -1.6373064639,               NaN
   6395.4073173515,               NaN,     -1.6374627733,******************
   6406.7048567814,               NaN,     -1.6376190826,               NaN
   6418.0023962114,               NaN,     -1.6377753920,******************
   6429.2999356413,               NaN,     -1.6379317014,               NaN
   6440.5974750713,               NaN,     -1.6380880108,******************
   6451.8950145012,               NaN,     -1.6382443203,               NaN
   6463.1925539312,               NaN,     -1.6384006297,******************
   6474.4900933611,               NaN,     -1.6385569392,               NaN
   6485.7876327911,               NaN,     -1.6387132487,******************
   6497.0851722210,               NaN,     -1.6388695582,               NaN
   6508.3827116510,               NaN,     -1.6390258678,******************
   6519.6802510809,               NaN,     -1.6391821773,               NaN
   6530.9777905109,               NaN,     -1.6393384869,******************
   6542.2753299408,               NaN,     -1.6394947965,               NaN
   6553.5728693708,               NaN,     -1.6396511061,******************
   6564.8704088007,               NaN,     -1.6398074157,               NaN
   6576.1679482307,               NaN,     -1.6399637254,******************
   6587.4654876606,               NaN,     -1.6401200350,               NaN
   6598.7630270906,               NaN,     -1.6402763447,******************
   6610.0605665205,               NaN,     -1.6404326544,               NaN
   6621.3581059505,               NaN,     -1.6405889642,******************
   6632.6556453804,               NaN,     -1.6407452739,               NaN
   6643.9531848103,               NaN,     -1.6409015837,******************
   6655.2507242403,               NaN,     -1.6410578935,               NaN
   6666.5482636702,               NaN,     -1.6412142033,******************
   6677.8458031002,               NaN,     -1.6413705131,               NaN
   6689.1433425301,               NaN,     -1.6415268229,******************
   6700.4408819601,               NaN,     -1.6416831328,               NaN
   6711.7384213900,               NaN,     -1.6418394427,******************
   6723.0359608200,               NaN,     -1.6419957526,               NaN
   6734.3335002499,               NaN,     -1.6421520625,******************
   6745.6310396799,               NaN,     -1.6423083724,               NaN
   6756.9285791098,               NaN,     -1.6424646824,******************
   6768.2261185398,               NaN,     -1.6426209923,               NaN
   6779.5236579697,               NaN,     -1.6427773023,******************
   6790.8211973997,               NaN,     -1.6429336123,               NaN
   6802.1187368296,               NaN,     -1.6430899224,******************
   6813.4162762596,               NaN,     -1.6432462324,               NaN
   6824.7138156895,               NaN,     -1.6434025425,******************
   6836.0113551195,               NaN,     -1.6435588526,               NaN
   6847.3088945494,               NaN,     -1.6437151627,******************
   6858.6064339794,               NaN,     -1.6438714728,               NaN
   6869.9039734093,               NaN,     -1.6440277830,******************
   6881.2015128393,               NaN,     -1.6441840931,               NaN
   6892.4990522692,               NaN,     -1.6443404033,******************
   6903.7965916992,               NaN,     -1.6444967135,               NaN
   6915.0941311291,               NaN,     -1.6446530237,******************
   6926.3916705591,               NaN,     -1.6448093340,               NaN
   6937.6892099890,               NaN,     -1.6449656442,******************
   6948.9867494190,               NaN,     -1.6451219545,               NaN
   6960.2842888489,               NaN,     -1.6452782648,******************
   6971.5818282789,               NaN,     -1.6454345751,               NaN
   6982.8793677088,               NaN,     -1.6455908854,******************
   6994.1769071388,               NaN,     -1.6457471958,               NaN
   7005.4744465687,               NaN,     -1.6459035062,******************
   7016.7719859987,               NaN,     -1.6460598166,               NaN
   7028.0695254286,               NaN,     -1.6462161270,******************
   7039.3670648586,               NaN,     -1.6463724374,               NaN
   7050.6646042885,               NaN,     -1.6465287479,******************
   7061.9621437185,               NaN,     -1.6466850583,               NaN
   7073.2596831484,               NaN,     -1.6468413688,******************
   7084.5572225784,               NaN,     -1.6469976793,               NaN
   7095.8547620083,               NaN,     -1.6471539898,******************
   7107.1523014383,               NaN,     -1.6473103004,               NaN
   7118.4498408682,               NaN,     -1.6474666109,******************
   7129.7473802982,               NaN,     -1.6476229215,               NaN
   7141.0449197281,               NaN,     -1.6477792321,******************
   7152.3424591581,               NaN,     -1.6479355428,               NaN
   7163.6399985880,               NaN,     -1.6480918534,******************
   7174.9375380180,               NaN,     -1.6482481641,               NaN
   7186.2350774479,               NaN,     -1.6484044747,******************
   7197.5326168779,               NaN,     -1.6485607854,               NaN
   7208.8301563078,               NaN,     -1.6487170961,******************
   7220.1276957378,               NaN,     -1.6488734069,               NaN
   7231.4252351677,               NaN,     -1.6490297176,******************
   7242.7227745977,               NaN,     -1.6491860284,               NaN
   7254.0203140276,               NaN,     -1.6493423392,******************
   7265.3178534576,               NaN,     -1.6494986500,               NaN
   7276.6153928875,               NaN,     -1.6496549608,******************
   7287.9129323175,               NaN,     -1.6498112717,               NaN
   7299.2104717474,               NaN,     -1.6499675826,******************
   7310.5080111774,               NaN,     -1.6501238934,               NaN
   7321.8055506073,               NaN,     -1.6502802043,******************
   7333.1030900373,               NaN,     -1.6504365153,               NaN
   7344.4006294672,               NaN,     -1.6505928262,******************
   7355.6981688972,               NaN,     -1.6507491372,               NaN
   7366.9957083271,               NaN,     -1.6509054482,******************
   7378.2932477571,               NaN,     -1.6510617592,               NaN
   7389.5907871870,               NaN,     -1.6512180702,******************
   7400.8883266170,               NaN,     -1.6513743812,               NaN
   7412.1858660469,               NaN,     -1.6515306923,******************
   7423.4834054769,               NaN,     -1.6516870034,               NaN
   7434.7809449068,               NaN,     -1.6518433145,******************
   7446.0784843368,               NaN,     -1.6519996256,               NaN
   7457.3760237667,               NaN,     -1.6521559367,******************
   7468.6735631967,               NaN,     -1.6523122479,               NaN
   7479.9711026266,               NaN,     -1.6524685590,******************
   7491.2686420566,               NaN,     -1.6526248702,               NaN
   7502.5661814865,               NaN,     -1.6527811814,******************
   7513.8637209165,               NaN,     -1.6529374927,               NaN
   7525.1612603464,               NaN,     -1.6530938039,******************
   7536.4587997764,               NaN,     -1.6532501152,               NaN
   7547.7563392063,               NaN,     -1.6534064265,******************
   7559.0538786363,               NaN,     -1.6535627378,               NaN
   7570.3514180662,               NaN,     -1.6537190491,******************
   7581.6489574962,               NaN,     -1.6538753605,               NaN
   7592.9464969261,               NaN,     -1.6540316718,******************
   7604.2440363561,               NaN,     -1.6541879832,               NaN
   7615.5415757860,               NaN,     -1.6543442946,******************
   7626.8391152160,               NaN,     -1.6545006060,               NaN
   7638.1366546459,               NaN,     -1.6546569175,******************
   7649.4341940759,               NaN,     -1.6548132289,               NaN
   7660.7317335058,               NaN,     -1.6549695404,******************
   7672.0292729358,               NaN,     -1.6551258519,               NaN
   7683.3268123657,               NaN,     -1.6552821634,******************
   7694.6243517957,               NaN,     -1.6554384750,               NaN
   7705.9218912256,               NaN,     -1.6555947865,******************
   7717.2194306556,               NaN,     -1.6557510981,               NaN
   7728.5169700855,               NaN,     -1.6559074097,******************
   7739.8145095155,               NaN,     -1.6560637213,               NaN
   7751.1120489454,               NaN,     -1.6562200329,******************
   7762.4095883754,               NaN,     -1.6563763446,               NaN
   7773.7071278053,               NaN,     -1.6565326563,******************
   7785.0046672353,               NaN,     -1.6566889680,               NaN
   7796.3022066652,               NaN,     -1.6568452797,******************
   7807.5997460952,               NaN,     -1.6570015914,               NaN
   7818.8972855251,               NaN,     -1.6571579031,******************
   7830.1948249551,               NaN,     -1.6573142149,               NaN
   7841.4923643850,               NaN,     -1.6574705267,******************
   7852.7899038150,               NaN,     -1.6576268385,               NaN
   7864.0874432449,               NaN,     -1.6577831503,******************
   7875.3849826749,               NaN,     -1.6579394622,               NaN
   7886.6825221048,               NaN,     -1.6580957740,******************
   7897.9800615348,               NaN,     -1.6582520859,               NaN
   7909.2776009647,               NaN,     -1.6584083978,******************
   7920.5751403947,               NaN,     -1.6585647097,               NaN
   7931.8726798246,               NaN,     -1.6587210217,******************
   7943.1702192546,               NaN,     -1.6588773336,               NaN
   7954.4677586845,               NaN,     -1.6590336456,******************
   7965.7652981144,               NaN,     -1.6591899576,               NaN
   7977.0628375444,               NaN,     -1.6593462696,******************
   7988.3603769743,               NaN,     -1.6595025816,               NaN
   7999.6579164043,               NaN,     -1.6596588937,******************
   8010.9554558342,               NaN,     -1.6598152058,               NaN
   8022.2529952642,               NaN,     -1.6599715179,******************
   8033.5505346941,               NaN,     -1.6601278300,               NaN
   8044.8480741241,               NaN,     -1.6602841421,******************
   8056.1456135540,               NaN,     -1.6604404542,               NaN
   8067.4431529840,               NaN,     -1.6605967664,******************
   8078.7406924139,               NaN,     -1.6607530786,               NaN
   8090.0382318439,               NaN,     -1.6609093908,******************
   8101.3357712738,               NaN,     -1.6610657030,               NaN
   8112.6333107038,               NaN,     -1.6612220153,******************
   8123.9308501337,               NaN,     -1.6613783275,               NaN
   8135.2283895637,               NaN,     -1.6615346398,******************
   8146.5259289936,               NaN,     -1.6616909521,               NaN
   8157.8234684236,               NaN,     -1.6618472645,******************
   8169.1210078535,               NaN,     -1.6620035768,               NaN
   8180.4185472835,               NaN,     -1.6621598892,******************
   8191.7160867134,               NaN,     -1.6623162015,               NaN
   8203.0136261434,               NaN,     -1.6624725139,******************
   8214.3111655733,               NaN,     -1.6626288263,               NaN
   8225.6087050033,               NaN,     -1.6627851388,******************
   8236.9062444332,               NaN,     -1.6629414512,               NaN
   8248.2037838632,               NaN,     -1.6630977637,******************
   8259.5013232931,               NaN,     -1.6632540762,               NaN
   8270.7988627231,               NaN,     -1.6634103887,******************
   8282.0964021530,               NaN,     -1.6635667013,               NaN
   8293.3939415830,               NaN,     -1.6637230138,******************
   8304.6914810129,               NaN,     -1.6638793264,               NaN
   8315.9890204429,               NaN,     -1.6640356390,******************
   8327.2865598728,               NaN,     -1.6641919516,               NaN
   8338.5840993028,               NaN,     -1.6643482642,******************
   8349.8816387327,               NaN,     -1.6645045769,               NaN
   8361.1791781627,               NaN,     -1.6646608895,******************
   8372.4767175926,               NaN,     -1.6648172022,               NaN
   8383.7742570226,               NaN,     -1.6649735149,******************
   8395.0717964525,               NaN,     -1.6651298276,               NaN
   8406.3693358825,               NaN,     -1.6652861404,******************
   8417.6668753124,               NaN,     -1.6654424531,               NaN
   8428.9644147424,               NaN,     -1.6655987659,******************
   8440.2619541723,               NaN,     -1.6657550787,               NaN
   8451.5594936023,               NaN,     -1.6659113915,******************
   8462.8570330322,               NaN,     -1.6660677044,               NaN
   8474.1545724622,               NaN,     -1.6662240172,******************
   8485.4521118921,               NaN,     -1.6663803301,               NaN
   8496.7496513221,               NaN,     -1.6665366430,******************
   8508.0471907520,               NaN,     -1.6666929559,               NaN
   8519.3447301820,               NaN,     -1.6668492689,******************
   8530.6422696119,               NaN,     -1.6670055818,               NaN
   8541.9398090419,               NaN,     -1.6671618948,******************
   8553.2373484718,               NaN,     -1.6673182078,               NaN
   8564.5348879018,               NaN,     -1.6674745208,******************
   8575.8324273317,               NaN,     -1.6676308338,               NaN
   8587.1299667617,               NaN,     -1.6677871469,******************
   8598.4275061916,               NaN,     -1.6679434600,               NaN
   8609.7250456216,               NaN,     -1.6680997731,******************
   8621.0225850515,               NaN,     -1.6682560862,               NaN
   8632.3201244815,               NaN,     -1.6684123993,******************
   8643.6176639114,               NaN,     -1.6685687124,               NaN
   8654.9152033414,               NaN,     -1.6687250256,******************
   8666.2127427713,               NaN,     -1.6688813388,               NaN
   8677.5102822013,               NaN,     -1.6690376520,******************
   8688.8078216312,               NaN,     -1.6691939652,               NaN
   8700.1053610612,               NaN,     -1.6693502785,******************
   8711.4029004911,               NaN,     -1.6695065917,               NaN
   8722.7004399211,               NaN,     -1.6696629050,******************
   8733.9979793510,               NaN,     -1.6698192183,               NaN
   8745.2955187810,               NaN,     -1.6699755316,******************
   8756.5930582109,               NaN,     -1.6701318450,               NaN
   8767.8905976409,               NaN,     -1.6702881583,******************
   8779.1881370708,               NaN,     -1.6704444717,               NaN
   8790.4856765008,               NaN,     -1.6706007851,******************
   8801.7832159307,               NaN,     -1.6707570985,               NaN
   8813.0807553607,               NaN,     -1.6709134120,******************
   8824.3782947906,               NaN,     -1.6710697254,               NaN
   8835.6758342206,               NaN,     -1.6712260389,******************
   8846.9733736505,               NaN,     -1.6713823524,               NaN
   8858.2709130805,               NaN,     -1.6715386659,******************
   8869.5684525104,               NaN,     -1.6716949794,               NaN
   8880.8659919404,               NaN,     -1.6718512930,******************
   8892.1635313703,               NaN,     -1.6720076065,               NaN
   8903.4610708003,               NaN,     -1.6721639201,******************
   8914.7586102302,               NaN,     -1.6723202337,               NaN
   8926.0561496602,               NaN,     -1.6724765474,******************
   8937.3536890901,               NaN,     -1.6726328610,               NaN
   8948.6512285201,               NaN,     -1.6727891747,******************
   8959.9487679500,               NaN,     -1.6729454884,               NaN
   8971.2463073800,               NaN,     -1.6731018021,******************
   8982.5438468099,               NaN,     -1.6732581158,               NaN
   8993.8413862399,               NaN,     -1.6734144296,******************
   9005.1389256698,               NaN,     -1.6735707433,               NaN
   9016.4364650998,               NaN,     -1.6737270571,******************
   9027.7340045297,               NaN,     -1.6738833709,               NaN
   9039.0315439597,               NaN,     -1.6740396847,******************
   9050.3290833896,               NaN,     -1.6741959986,               NaN
   9061.6266228196,               NaN,     -1.6743523124,******************
   9072.9241622495,               NaN,     -1.6745086263,               NaN
   9084.2217016795,               NaN,     -1.6746649402,******************
   9095.5192411094,               NaN,     -1.6748212541,               NaN
   9106.8167805394,               NaN,     -1.6749775681,******************
   9118.1143199693,               NaN,     -1.6751338820,               NaN
   9129.4118593993,               NaN,     -1.6752901960,******************
   9140.7093988292,               NaN,     -1.6754465100,               NaN
   9152.0069382592,               NaN,     -1.6756028240,******************
   9163.3044776891,               NaN,     -1.6757591380,               NaN
   9174.6020171191,               NaN,     -1.6759154521,******************
   9185.8995565490,               NaN,     -1.6760717661,               NaN
   9197.1970959790,               NaN,     -1.6762280802,******************
   9208.4946354089,               NaN,     -1.6763843944,               NaN
   9219.7921748389,               NaN,     -1.6765407085,******************
   9231.0897142688,               NaN,     -1.6766970226,               NaN
   9242.3872536988,               NaN,     -1.6768533368,******************
   9253.6847931287,               NaN,     -1.6770096510,               NaN
   9264.9823325587,               NaN,     -1.6771659652,******************
   9276.2798719886,               NaN,     -1.6773222794,               NaN
   9287.5774114185,               NaN,     -1.6774785937,******************
   9298.8749508485,               NaN,     -1.6776349079,               NaN
   9310.1724902784,               NaN,     -1.6777912222,******************
   9321.4700297084,               NaN,     -1.6779475365,               NaN
   9332.7675691383,               NaN,     -1.6781038508,******************
   9344.0651085683,               NaN,     -1.6782601652,               NaN
   9355.3626479982,               NaN,     -1.6784164795,******************
   9366.6601874282,               NaN,     -1.6785727939,               NaN
   9377.9577268581,               NaN,     -1.6787291083,******************
   9389.2552662881,               NaN,     -1.6788854227,               NaN
   9400.5528057180,               NaN,     -1.6790417372,******************
   9411.8503451480,               NaN,     -1.6791980516,               NaN
   9423.1478845779,               NaN,     -1.6793543661,******************
   9434.4454240079,               NaN,     -1.6795106806,               NaN
   9445.7429634378,               NaN,     -1.6796669951,******************
   9457.0405028678,               NaN,     -1.6798233097,               NaN
   9468.3380422977,               NaN,     -1.6799796242,******************
   9479.6355817277,               NaN,     -1.6801359388,               NaN
   9490.9331211576,               NaN,     -1.6802922534,******************
   9502.2306605876,               NaN,     -1.6804485680,               NaN
   9513.5282000175,               NaN,     -1.6806048826,******************
   9524.8257394475,               NaN,     -1.6807611973,               NaN
   9536.1232788774,               NaN,     -1.6809175120,******************
   9547.4208183074,               NaN,     -1.6810738266,               NaN
   9558.7183577373,               NaN,     -1.6812301414,******************
   9570.0158971673,               NaN,     -1.6813864561,               NaN
   9581.3134365972,               NaN,     -1.6815427708,******************
   9592.6109760272,               NaN,     -1.6816990856,               NaN
   9603.9085154571,               NaN,     -1.6818554004,******************
   9615.2060548871,               NaN,     -1.6820117152,               NaN
   9626.5035943170,               NaN,     -1.6821680300,******************
   9637.8011337470,               NaN,     -1.6823243449,               NaN
   9649.0986731769,               NaN,     -1.6824806597,******************
   9660.3962126069,               NaN,     -1.6826369746,               NaN
   9671.6937520368,               NaN,     -1.6827932895,******************
   9682.9912914668,               NaN,     -1.6829496044,               NaN
   9694.2888308967,               NaN,     -1.6831059194,******************
   9705.5863703267,               NaN,     -1.6832622343,               NaN
   9716.8839097566,               NaN,     -1.6834185493,******************
   9728.1814491866,               NaN,     -1.6835748643,               NaN
   9739.4789886165,               NaN,     -1.6837311793,******************
   9750.7765280465,               NaN,     -1.6838874944,               NaN
   9762.0740674764,               NaN,     -1.6840438094,******************
   9773.3716069064,               NaN,     -1.6842001245,               NaN
   9784.6691463363,               NaN,     -1.6843564396,******************
   9795.9666857663,               NaN,     -1.6845127547,               NaN
   9807.2642251962,               NaN,     -1.6846690698,******************
   9818.5617646262,               NaN,     -1.6848253850,               NaN
   9829.8593040561,               NaN,     -1.6849817002,******************
   9841.1568434861,               NaN,     -1.6851380154,               NaN
   9852.4543829160,               NaN,     -1.6852943306,******************
   9863.7519223460,               NaN,     -1.6854506458,               NaN
   9875.0494617759,               NaN,     -1.6856069611,******************
   9886.3470012059,               NaN,     -1.6857632763,               NaN
   9897.6445406358,               NaN,     -1.6859195916,******************
   9908.9420800658,               NaN,     -1.6860759069,               NaN
   9920.2396194957,               NaN,     -1.6862322223,******************
   9931.5371589257,               NaN,     -1.6863885376,               NaN
   9942.8346983556,               NaN,     -1.6865448530,******************
   9954.1322377856,               NaN,     -1.6867011684,               NaN
   9965.4297772155,               NaN,     -1.6868574838,******************
   9976.7273166455,               NaN,     -1.6870137992,               NaN
   9988.0248560754,               NaN,     -1.6871701146,******************
   9999.3223955054,               NaN,     -1.6873264301,               NaN
  10010.6199349353,               NaN,     -1.6874827456,******************
  10021.9174743653,               NaN,     -1.6876390611,               NaN
  10033.2150137952,               NaN,     -1.6877953766,******************
  10044.5125532252,               NaN,     -1.6879516922,               NaN
  10055.8100926551,               NaN,     -1.6881080077,******************
  10067.1076320851,               NaN,     -1.6882643233,               NaN
  10078.4051715150,               NaN,     -1.6884206389,******************
  10089.7027109450,               NaN,     -1.6885769545,               NaN
  10101.0002503749,               NaN,     -1.6887332702,******************
  10112.2977898049,               NaN,     -1.6888895858,               NaN
  10123.5953292348,               NaN,     -1.6890459015,******************
  10134.8928686648,               NaN,     -1.6892022172,               NaN
  10146.1904080947,               NaN,     -1.6893585329,******************
  10157.4879475247,               NaN,     -1.6895148486,               NaN
